avg_step_time_ms,best_kl,best_kl_step,best_loss,best_loss_step,best_mmd,best_mmd_step,final_kl,final_loss,final_mmd,n_steps,p50_step_time_ms,p95_step_time_ms,run_id,time_to_best_loss_ms,total_time_ms
124.67945298703853,0.24664953823290986,999,0.07544896995583644,999,0.002077297837090703,999,0.24664953823290986,0.07544896995583644,0.002077297837090703,1000,34.20899975026259,343.3434494581888,result1,124679.45298703853,124679.45298703853
109.55249001199263,0.08033222008143123,999,0.024485645369043556,999,0.0005513990637345523,999,0.08033222008143123,0.024485645369043556,0.0005513990637345523,1000,33.629999052209314,342.29044895255356,result2,109552.49001199263,109552.49001199263
90.0496550166281,0.04723411373970401,999,0.014188379557937418,999,2.5922051466019943e-05,999,0.04723411373970401,0.014188379557937418,2.5922051466019943e-05,1000,30.925500141165685,336.3735993843875,result3,90049.6550166281,90049.6550166281
109.5310299697303,0.07553379555278836,999,0.02272061318238593,999,8.639216649917374e-05,999,0.07553379555278836,0.02272061318238593,8.639216649917374e-05,1000,36.71549893624615,304.5824505534255,result4,109531.0299697303,109531.0299697303
