{
  "ansatz1": {
    "ansatz": 1,
    "n_qubits": 8,
    "K": 1200,
    "bins": 75,
    "pairs": 200000,
    "KL": 0.025762853622129038,
    "FP2": 0.88885908755,
    "FP2_haar": 0.9368263493656483,
    "FP2_offset": 0.047967261815648365
  },
  "ansatz2": {
    "ansatz": 2,
    "n_qubits": 8,
    "K": 1200,
    "bins": 75,
    "pairs": 200000,
    "KL": 0.021174158442659026,
    "FP2": 0.89637568375,
    "FP2_haar": 0.9368263493656483,
    "FP2_offset": 0.04045066561564836
  },
  "ansatz3": {
    "ansatz": 3,
    "n_qubits": 8,
    "K": 1200,
    "bins": 75,
    "pairs": 200000,
    "KL": 0.005180014966730433,
    "FP2": 0.9132365728,
    "FP2_haar": 0.9368263493656483,
    "FP2_offset": 0.023589776565648313
  },
  "ansatz4": {
    "ansatz": 4,
    "n_qubits": 8,
    "K": 1200,
    "bins": 75,
    "pairs": 200000,
    "KL": 0.017592998906055004,
    "FP2": 0.9005494993,
    "FP2_haar": 0.9368263493656483,
    "FP2_offset": 0.0362768500656484
  }
}