{
  "ansatz": 4,
  "shots": 10000,
  "Fidelity": 1.0,
  "Rate": 0.10728323699421964,
  "Coverage": 0.6416184971098265,
  "counts": {
    "|G_train|": 9275,
    "|G_new|": 725,
    "|G_sol|": 725,
    "|unique(G_sol)|": 111,
    "Q": 10000
  }
}