{
  "ansatz": 2,
  "shots": 10000,
  "Fidelity": 1.0,
  "Rate": 0.05845086705202312,
  "Coverage": 0.5895953757225434,
  "counts": {
    "|G_train|": 9605,
    "|G_new|": 395,
    "|G_sol|": 395
  }
}