{
  "ansatz": 2,
  "shots": 10000,
  "Fidelity": 1.0,
  "Rate": 0.03344277456647399,
  "Coverage": 0.5260115606936416,
  "counts": {
    "|G_train|": 9774,
    "|G_new|": 226,
    "|G_sol|": 226,
    "|unique(G_sol)|": 91,
    "Q": 10000
  }
}