{
  "ansatz": 1,
  "shots": 10000,
  "Fidelity": 1.0,
  "Rate": 0.052679768786127165,
  "Coverage": 0.5895953757225434,
  "counts": {
    "|G_train|": 9644,
    "|G_new|": 356,
    "|G_sol|": 356,
    "|unique(G_sol)|": 102,
    "Q": 10000
  }
}