{
  "ansatz": 1,
  "shots": 10000,
  "Fidelity": 1.0,
  "Rate": 0.2234450867052023,
  "Coverage": 0.6647398843930635,
  "counts": {
    "|G_train|": 8490,
    "|G_new|": 1510,
    "|G_sol|": 1510
  }
}