{
  "steps": 1000,
  "log10_grad_norm": {
    "median": -2.255705995234867,
    "p10": -2.6190313872905913,
    "p90": -1.4151185891245295,
    "frac_below_1e-6": 0.0,
    "frac_below_1e-8": 0.0
  },
  "loss": {
    "start": 1.8711135152027514,
    "end": 0.12442694538141325,
    "delta_total": -1.746686569821338,
    "median_abs_dloss": 0.00010033713836016256
  },
  "mmd": {
    "start": 0.03166255768236241,
    "end": 0.002158451705386714,
    "median_abs_dmmd": 2.1265149657751815e-06
  },
  "kl": {
    "start": 3.7105644727231404,
    "end": 0.24669543905743976,
    "median_abs_dkl": 0.00019881852131764521
  }
}