{
  "ansatz": 4,
  "shots": 10000,
  "Fidelity": 1.0,
  "Rate": 1.046492485549133,
  "Coverage": 0.9479768786127167,
  "counts": {
    "|G_train|": 2928,
    "|G_new|": 7072,
    "|G_sol|": 7072
  }
}