{
  "ansatz": 3,
  "shots": 10000,
  "Fidelity": 1.0,
  "Rate": 0.04246936416184971,
  "Coverage": 0.5317919075144508,
  "counts": {
    "|G_train|": 9713,
    "|G_new|": 287,
    "|G_sol|": 287
  }
}