{
  "ansatz": 3,
  "shots": 10000,
  "Fidelity": 1.0,
  "Rate": 0.024860115606936413,
  "Coverage": 0.41040462427745666,
  "counts": {
    "|G_train|": 9832,
    "|G_new|": 168,
    "|G_sol|": 168,
    "|unique(G_sol)|": 71,
    "Q": 10000
  }
}